"Designator","Comment","Footprint","JLCPCB Part #","Matches","Part # ","Manufacturer","Footprint","Description","Category","Warning","JLCPCB Part #","Product link","Source","Lib Type","MOQ","Availability","My Parts(JLCPCB Parts)","My Parts(Global sourcing & consigned parts)","Rec. Order Qty","Unit Price ($)","Total Price ($)"
"U3","XIAO ESP32-C6","hdmi2c:XIAO_ESP32C6_Castellated",,"Select by Customer","113991254","Seeed","hdmi2c:XIAO_ESP32C6_Castellated","Seeed Studio XIAO ESP32-C6 is a compact, Matter-ready wireless development board powered by the Espressif ESP32-C6 SoC. It integrates a high-performance 32-bit RISC-V processor running at up to 160 MHz and a low-power RISC-V processor running at up to 20 MHz, together with 512 KB SRAM and 4 MB onboard Flash.
The board supports 2.4 GHz Wi-Fi 6, Bluetooth Low Energy, Bluetooth Mesh, Zigbee, Thread, and IEEE 802.15.4. This multi-protocol connectivity makes it particularly suitable for interoperable smart-home products and Matter-over-Thread applications.
XIAO ESP32-C6 includes an onboard ceramic antenna and a U.FL connector for an optional external antenna. It also provides USB Type-C connectivity, lithium-battery charging management, low-power operating modes, and comprehensive hardware-security capabilities.","WiFi Modules",,"C27675191","https://jlcpcb.com/partdetail/Seeed-113991254/C27675191","In-stock","Extended",1,179,0,0,5,7.5988,37.994
"R24,R25","100k","Resistor_SMD:R_0603_1608Metric",,"Unconfirmed","FRH0603B1003TS","FOJAN","Resistor_SMD:R_0603_1608Metric","100kΩ 100mW 75V Thick Film Resistor ±0.1% 0603 Chip Resistor - Surface Mount ROHS","Chip Resistor - Surface Mount","1.The comment (FRH0603B1003TS) of this part does not match the one (100k) provided in your BOM. Please confirm;","C51048211","https://jlcpcb.com/partdetail/FOJAN-FRH0603B1003TS/C51048211","In-stock","Extended",1,475527,0,0,20,0.0041,0.082
"SW2,SW3","B3U-1000P","Button_Switch_SMD:SW_SPST_B3U-1000P",,"Select by System","B3U-1000P","Omron Electronics","Button_Switch_SMD:SW_SPST_B3U-1000P","-25℃~+70℃ 1.53N 1.6mm 12V 2.5mm 3mm 50mA Round Button SMD(SMT) Tab SPST Surface Mount,Vertical SMD,3x2.5mm Tactile Switches ROHS","Tactile Switches",,"C231329","https://jlcpcb.com/partdetail/OmronElectronics-B3U1000P/C231329","In-stock","Extended",1,182066,0,0,12,0.1867,2.2404
"U4","TPD12S016PWR","Package_SO:TSSOP-24_4.4x7.8mm_P0.65mm",,"Select by System","TPD12S016PWR","Texas Instruments","Package_SO:TSSOP-24_4.4x7.8mm_P0.65mm","-40℃~+85℃ 3.4Gbps 4.5V~5.5V I2C、HDMI TSSOP-24 Interface - Specialized ROHS","Interface - Specialized",,"C201665","https://jlcpcb.com/partdetail/TexasInstruments-TPD12S016PWR/C201665","In-stock","Extended",1,450,0,0,5,1.1247,5.6235
"R26,R27","10k","Resistor_SMD:R_0603_1608Metric",,"Unconfirmed","SC0603F1002F2BNRH","Sunway","Resistor_SMD:R_0603_1608Metric","-55℃~+155℃ 100mW 10kΩ 75V Thick Film Resistor ±1% ±100ppm/℃ 0603 Chip Resistor - Surface Mount ROHS","Chip Resistor - Surface Mount","1.The comment (SC0603F1002F2BNRH) of this part does not match the one (10k) provided in your BOM. Please confirm;","C3152123","https://jlcpcb.com/partdetail/Sunway-SC0603F1002F2BNRH/C3152123","In-stock","Extended",1,1952461,0,0,20,0.003,0.06
"C1-C3","100nF","Capacitor_SMD:C_0603_1608Metric",,"Unconfirmed","CC0603KRX7R9BB104","YAGEO","Capacitor_SMD:C_0603_1608Metric","100nF 50V X7R ±10% 0603 Multilayer Ceramic Capacitors MLCC - SMD/SMT ROHS","Multilayer Ceramic Capacitors MLCC - SMD/SMT","1.The comment (CC0603KRX7R9BB104) of this part does not match the one (100nF) provided in your BOM. Please confirm;","C14663","https://jlcpcb.com/partdetail/YAGEO-CC0603KRX7R9BB104/C14663","In-stock","Basic",1,53923815,0,0,20,0.0124,0.248
"J7","HDMI1","hdmi2c:WURTH_685119134923_HDMI",,"Reviewed locally: user selection 2026-09-13","685119134923","Wurth Elektronik","hdmi2c:WURTH_685119134923_HDMI","SMD HDMI Connectors ROHS","HDMI Connectors",,"C2930961","https://jlcpcb.com/partdetail/WurthElektronik-685119134923/C2930961",,"Extended",,,,,5,,
